Mass,Bfld,ID
3705584700000.0,0.3618671,0
2285440000000.0,0.431471,17185
2833792600000.0,0.39145732,31342
1424632000000.0,0.2958836,41582
1202325400000.0,0.39897144,52618
1340881100000.0,0.29673654,60731
2225182000000.0,0.31055525,69507
952085840000.0,0.21713574,76086
2094143800000.0,0.3254417,83280
2066222500000.0,0.34086794,88663
1750284400000.0,0.29842603,96500
1596471900000.0,0.27373293,102683
594922600000.0,0.25570568,108012
973366030000.0,0.2856615,114389
1184906600000.0,0.26046118,118679
957710300000.0,0.26976305,121863
935517200000.0,0.20394225,125028
1317181800000.0,0.29001245,128393
805841700000.0,0.24000902,131047
803658140000.0,0.26617047,134847
848021000000.0,0.29015133,137885
752950800000.0,0.20617352,140721
1546026200000.0,0.24779916,143884
744572300000.0,0.18149492,146176
759625900000.0,0.20650217,149169
776391700000.0,0.227132,152031
869427840000.0,0.24888027,154493
907390940000.0,0.25012168,156809
583304800000.0,0.20964381,158847
765191060000.0,0.20949078,161162
811644700000.0,0.23063593,163675
675072800000.0,0.19576861,165727
981016050000.0,0.2317107,168390
767100900000.0,0.26239657,170540
409634440000.0,0.1710722,172649
526173900000.0,0.23082198,175238
1310888200000.0,0.20889778,177719
586140500000.0,0.23662315,179886
349531200000.0,0.19306141,181983
756219000000.0,0.23186317,184828
795161100000.0,0.23967499,186927
924853700000.0,0.28677776,188859
647510600000.0,0.19826154,191079
290691320000.0,0.20280902,192898
548107550000.0,0.24040793,194947
359984170000.0,0.1851909,197108
794443640000.0,0.22762811,199321
397307740000.0,0.27837625,200803
493694600000.0,0.21402875,202634
502057140000.0,0.18265009,204234
996452900000.0,0.23802269,206226
632536560000.0,0.22734348,207473
443162620000.0,0.23641342,208781
478154720000.0,0.17328495,210764
673428340000.0,0.22693649,212836
520558480000.0,0.21500374,214452
460412940000.0,0.18900876,216016
427987470000.0,0.24025741,217485
586616500000.0,0.19287302,219032
255297750000.0,0.15880062,220558
430519320000.0,0.19779018,222267
396798360000.0,0.2588896,223896
745278600000.0,0.1945196,225155
699179700000.0,0.17425422,226194
805006340000.0,0.22931084,227574
426476730000.0,0.15390265,228680
574359400000.0,0.2107735,230235
339546870000.0,0.29361796,231707
337031270000.0,0.15376621,233214
577594300000.0,0.16965564,234514
584529740000.0,0.1872866,235692
377551260000.0,0.15611972,236756
254601900000.0,0.17510982,237941
588400700000.0,0.20202647,239245
300631600000.0,0.17038672,239993
298924340000.0,0.19225807,241153
542831050000.0,0.15036835,242214
207062480000.0,0.17034283,243186
383149400000.0,0.2084717,244318
321478820000.0,0.15089875,245134
505770000000.0,0.1737562,247348
329978000000.0,0.19981474,248157
197286800000.0,0.20177718,249164
370744330000.0,0.15701252,250390
460108630000.0,0.1663007,251299
453801740000.0,0.21209414,252245
133897710000.0,0.1413096,252995
325962240000.0,0.17785461,254112
479133070000.0,0.16136464,254925
345107800000.0,0.17214158,255614
493368670000.0,0.1759813,256507
385731360000.0,0.15383284,257302
254566840000.0,0.15476264,258263
168117100000.0,0.13873066,259114
383550880000.0,0.1584874,260014
168315110000.0,0.11924078,260862
373840020000.0,0.16514522,261959
209761670000.0,0.14144719,262659
139103980000.0,0.12992015,263558
250159450000.0,0.14007469,264412
486024380000.0,0.16792692,265267
289737050000.0,0.16190305,265926
220931590000.0,0.16052896,266559
537454180000.0,0.12571813,267323
452091120000.0,0.1706556,268295
434282460000.0,0.20480484,268908
356147460000.0,0.16229463,269440
275805100000.0,0.12970425,270079
246565220000.0,0.1652111,270963
447374230000.0,0.1572042,271729
170612030000.0,0.16115426,272322
239419950000.0,0.16496463,273141
242867240000.0,0.1331222,273994
444180370000.0,0.15244836,274790
210072140000.0,0.15035088,275531
286516180000.0,0.17026423,276219
265185510000.0,0.15405901,277020
407235430000.0,0.15856947,277687
277248440000.0,0.15228589,278302
207027720000.0,0.12740824,278854
238982820000.0,0.15119693,279707
393024900000.0,0.12914424,281072
214353250000.0,0.23483889,281700
312585000000.0,0.14673783,282377
433688250000.0,0.1551272,283011
384981630000.0,0.14367901,283637
225240090000.0,0.16533184,284316
280846370000.0,0.15843374,284948
409374800000.0,0.14637372,285479
240107450000.0,0.1552108,286066
222084700000.0,0.14666468,286695
161731380000.0,0.109622315,287335
251596780000.0,0.2537751,288015
301739300000.0,0.13681576,288743
317980800000.0,0.18586753,289426
251364720000.0,0.13479865,289945
288316230000.0,0.14878003,290643
98030500000.0,0.1356458,291113
315171730000.0,0.16390958,291888
230271420000.0,0.12323109,292355
205543370000.0,0.16695654,292921
239302980000.0,0.09817969,293439
223301370000.0,0.1417654,294047
232857670000.0,0.16253462,294510
277380560000.0,0.12742998,295077
125698030000.0,0.09668658,295674
373360200000.0,0.13666028,296302
314714260000.0,0.16423999,296787
232211560000.0,0.1603579,297210
303595300000.0,0.14158447,297712
168768670000.0,0.112505294,298206
200816120000.0,0.16115822,298892
185196270000.0,0.11727861,299429
272480400000.0,0.110256866,299935
109295935000.0,0.14025281,300568
117198240000.0,0.25019985,301128
285276050000.0,0.12979572,301746
123844150000.0,0.62955254,302166
226094530000.0,0.14610691,302773
354795230000.0,0.15043946,303362
291303230000.0,0.1498819,303710
409518500000.0,0.12410034,304201
286419260000.0,0.13218896,304726
180961310000.0,0.11309729,305083
220793000000.0,0.10999519,305653
314922070000.0,0.16518933,306058
329530100000.0,0.13890557,306516
233390720000.0,0.11840832,306945
196849780000.0,0.13811782,307438
110026430000.0,0.09800819,308061
217210180000.0,0.14267033,309045
90830310000.0,0.115869515,309428
147142020000.0,0.13547882,310509
259121790000.0,0.115250774,310985
205794210000.0,0.11694882,312891
170083660000.0,0.90189195,313403
205697450000.0,0.16438273,313954
310966450000.0,0.12082819,314365
288010370000.0,0.15951401,314770
252593240000.0,0.123607524,315140
183169170000.0,0.14313933,316029
192413710000.0,0.15347072,316354
205690550000.0,0.11653669,317711
187321070000.0,0.10901729,318210
173755320000.0,0.119722426,318633
231894120000.0,0.15975763,319643
205751800000.0,0.10902888,320012
294845450000.0,0.12083763,320433
213697840000.0,0.14108382,321204
232171320000.0,0.13515744,321674
249788960000.0,0.12492606,322160
97311170000.0,0.110599875,322581
153579630000.0,0.10059092,322979
236537890000.0,0.11961567,323455
242891570000.0,0.1319746,323851
182152840000.0,0.16042238,324127
170726160000.0,0.13090114,324997
149315630000.0,0.15052697,325808
111854666000.0,0.11798099,326217
185229050000.0,0.14126953,326652
269193690000.0,0.13311893,327112
253249500000.0,0.13780133,327405
131739976000.0,0.14763197,327822
119007450000.0,0.3326887,328252
109435740000.0,0.11108488,328677
184702940000.0,0.11506707,329105
152371000000.0,0.1464583,329515
159113150000.0,0.14071187,329849
243202950000.0,0.10285869,330208
151698000000.0,0.12310508,330553
254880140000.0,0.15004869,330955
235387390000.0,0.12923403,331293
159190500000.0,0.11254538,331701
111310230000.0,0.8501084,332069
163323800000.0,0.10344753,332389
128965894000.0,0.097937465,333258
135917090000.0,0.18980096,333672
195154820000.0,0.16698948,334028
227502770000.0,0.12027568,334350
210472580000.0,0.12250962,334727
231801770000.0,0.09420625,335078
303872080000.0,0.1368459,336276
158706270000.0,0.15525194,336516
222555260000.0,0.15423745,336796
140921850000.0,0.10339725,337048
137167210000.0,0.110709645,337444
99846740000.0,0.13351701,337843
149027140000.0,0.125599,338148
254699590000.0,0.079065755,338458
115698024000.0,0.10472062,338817
279158500000.0,0.08606846,339181
172232590000.0,0.08511564,339547
297883270000.0,0.15159392,339862
187365240000.0,0.13437703,340106
197691650000.0,0.12708476,340355
106580020000.0,0.11940347,340585
131789570000.0,0.31127796,340977
180467250000.0,0.09204886,341356
91740610000.0,0.12682262,341683
171742450000.0,0.10891088,342047
205612840000.0,0.12171452,342343
160956900000.0,0.094462745,342689
146771300000.0,0.07051859,343039
138696430000.0,0.09502171,343638
82660370000.0,0.13343109,343988
175588250000.0,0.11676637,344300
111108420000.0,0.09612264,344593
182223980000.0,0.1095179,344987
169913070000.0,0.17824171,345250
80430470000.0,0.24428917,345457
133785895000.0,0.18661651,345812
162481860000.0,0.08788716,346075
156185030000.0,0.14072028,346420
169217250000.0,0.15419647,346748
190243620000.0,0.12192143,346976
198252860000.0,0.13154481,347237
154378100000.0,0.10275423,347508
150089380000.0,0.13146774,347785
141573490000.0,0.11512793,348038
162697800000.0,0.1320457,348334
132886940000.0,0.09789722,348593
106623490000.0,0.11908682,349135
243938310000.0,0.1283463,349414
120214240000.0,0.12620471,349624
149489500000.0,0.094284505,349897
126326145000.0,0.07629022,350183
171956730000.0,0.13584757,350486
191179640000.0,0.20030619,350843
77230830000.0,0.099116676,351071
130061970000.0,0.13394868,351452
93640810000.0,0.12138057,352061
239981020000.0,0.1413425,352359
113231495000.0,0.10235723,352578
166285380000.0,0.09844651,352816
94739866000.0,1.4585983,353168
194695790000.0,0.09709879,353423
206143160000.0,0.12504496,353729
170137960000.0,0.13408251,353973
144978460000.0,0.10089183,354727
99259300000.0,0.11858485,354986
101045080000.0,0.121840276,355537
92032370000.0,0.09879468,355911
200237990000.0,0.16992211,356176
165988600000.0,0.12377434,357235
136175140000.0,0.108897515,357465
216762160000.0,0.11359927,357765
141841040000.0,0.1070801,358016
113927840000.0,0.11037209,358273
146098100000.0,0.12103611,358582
281668680000.0,0.11918563,358886
99377594000.0,0.10108482,359086
144420650000.0,0.10745385,359334
197902780000.0,0.12513877,359639
131284490000.0,0.08734874,359811
193228780000.0,0.11977323,360087
174666170000.0,0.14081392,360294
208451600000.0,0.06258062,360509
257179010000.0,0.11207391,360750
70348734000.0,0.07766361,360916
91824150000.0,0.16086915,361189
80455760000.0,0.07215692,361418
70542210000.0,0.13742279,361752
220944470000.0,0.12643076,362042
228901600000.0,0.11321189,362370
95800260000.0,0.14419377,362551
161793500000.0,0.120477706,362780
205269530000.0,0.11781631,363104
201574070000.0,0.12673503,363315
205166640000.0,0.13392991,363524
219288350000.0,0.0870904,363981
152566960000.0,0.1456437,364263
187561300000.0,0.120271,364807
134588210000.0,0.1390536,365493
85643180000.0,0.09884534,365743
70969410000.0,0.12886782,366338
113356710000.0,0.10186616,366565
105408520000.0,0.10999457,366792
138761060000.0,0.15846688,367456
52576840000.0,0.13453227,367929
116653140000.0,0.15874858,368170
211758100000.0,0.12774639,368436
163355480000.0,0.10203386,368697
125181330000.0,0.1360649,368884
139349130000.0,0.10168529,369152
77701230000.0,0.41797367,369366
167519830000.0,0.14307374,369545
183172640000.0,0.10223586,369789
113770226000.0,0.09222234,370003
100803770000.0,0.12676834,370190
157677760000.0,0.12507801,371259
136879510000.0,0.1397833,371471
158050570000.0,0.1189084,372175
123611620000.0,0.06302214,372343
195552070000.0,0.119341634,372568
177919790000.0,0.13116772,373050
55322330000.0,1.1801221,373292
168473410000.0,0.14307779,373510
97120540000.0,0.08246979,373699
87975895000.0,0.076264314,373951
177171510000.0,0.12468429,374228
74331820000.0,0.0903869,374379
158888900000.0,0.093286075,374593
90189960000.0,0.15315771,374789
207161970000.0,0.099717304,375020
85220180000.0,0.13014482,375401
97602445000.0,0.10392812,375639
124532180000.0,0.08736383,375909
147383420000.0,0.09762297,376356
88385370000.0,0.15739053,376544
108611760000.0,0.14532952,376738
153878020000.0,0.13905816,376963
170032460000.0,0.0923219,377212
120899576000.0,0.13672242,377539
98402240000.0,0.10101314,377804
53969710000.0,0.1466703,378115
83457245000.0,0.13038479,378526
41107333000.0,0.17724171,378745
104249010000.0,0.124413975,379147
122369204000.0,0.1391818,379320
134188200000.0,0.10064741,379732
167908460000.0,0.097369924,380119
143858940000.0,0.112758525,380276
94486120000.0,0.4385593,380752
127411530000.0,0.07286751,380934
55761097000.0,0.09068357,381147
154615050000.0,0.095231354,381392
78227730000.0,0.5923323,381832
148117880000.0,0.112051345,382059
69932890000.0,0.10140047,382256
77754240000.0,0.1262054,382483
113620820000.0,0.084242195,382684
83936750000.0,0.17740487,382921
35596878000.0,0.25730506,383120
135078560000.0,0.10591312,383307
39194240000.0,0.2074447,383506
113209020000.0,0.08659537,383723
105266086000.0,0.10291297,384103
43408130000.0,0.10591277,384534
160427110000.0,0.080195315,384705
53068554000.0,0.10487039,385115
110657610000.0,0.088335924,385582
59220247000.0,0.08727601,385798
83644660000.0,0.091762245,386247
102098240000.0,0.15233688,386429
119917270000.0,0.16549014,386612
109324070000.0,0.09549523,386827
69612530000.0,0.100890234,387067
157408330000.0,0.09652169,387236
85278925000.0,0.11777097,387936
121804320000.0,0.21240184,388115
112574410000.0,0.12430527,388428
238841280000.0,0.13094817,389056
135990150000.0,0.12585257,389156
72952040000.0,0.51693904,389346
56959754000.0,0.11712491,389511
106111074000.0,0.12603682,389704
50297246000.0,0.098846845,389917
107506410000.0,0.15429722,390127
151462500000.0,0.15234978,390305
108825620000.0,0.15347743,390724
100137700000.0,0.08706681,390859
117697980000.0,0.06635847,391447
104757700000.0,0.045593515,391869
138554380000.0,0.0847757,392097
207655060000.0,0.085491106,392253
99311990000.0,0.11581772,392368
63264657000.0,0.17570622,392585
171879400000.0,0.11699605,392725
117769620000.0,0.12558226,392852
202949510000.0,0.14274046,392961
59921430000.0,0.12136759,393336
72652530000.0,0.0942435,393546
58158465000.0,0.060571067,394241
137541440000.0,0.120269775,394439
146629500000.0,0.09905961,394719
143101080000.0,0.113668635,394850
121118990000.0,0.12948656,394986
45066027000.0,3.1434655,395154
50082775000.0,0.07367746,395338
82000670000.0,0.1458975,395533
84278880000.0,0.13454418,395735
62673416000.0,0.08558655,395882
152702880000.0,0.09751402,396073
109021570000.0,0.1260368,396266
54509203000.0,0.060639977,396640
45756180000.0,0.080877155,396851
86328890000.0,0.08491382,397063
104315110000.0,0.14146721,397568
147276350000.0,0.12174792,398549
141260420000.0,0.07101702,399101
82205900000.0,0.19191417,399267
109354920000.0,0.104925,399391
106884160000.0,0.0847805,399520
93635990000.0,0.09259231,399679
140081480000.0,0.08230717,399969
92859590000.0,0.080789015,400089
63817760000.0,0.1382993,400547
47080042000.0,0.42348975,400695
76336366000.0,0.091008596,400846
117884125000.0,0.09000561,401192
67533685000.0,0.12857668,401328
62204820000.0,0.09177991,401535
116393340000.0,0.12095167,401670
97403330000.0,0.072804704,401859
96597930000.0,0.14668778,402017
102696215000.0,0.09057532,402118
60995682000.0,0.09438838,402293
147546500000.0,0.13728037,402979
128858374000.0,0.08773462,403110
108736050000.0,0.15088917,403261
91785360000.0,0.19987454,403624
67109065000.0,0.12531357,404093
135022950000.0,0.114124045,404216
106375200000.0,0.07248361,404501
133083680000.0,0.09999872,404644
132038610000.0,0.114789605,404769
98040160000.0,0.18022686,404888
103106040000.0,0.09436591,405000
151411880000.0,0.08341844,405460
59148476000.0,0.07357307,405745
45628120000.0,0.09140516,405882
72166920000.0,0.12212924,406256
97327210000.0,0.184473,406698
57775383000.0,0.10937728,406878
124110316000.0,0.08593208,407204
46041637000.0,0.11821671,407320
95595550000.0,0.09113609,407472
44486370000.0,0.15036786,407606
61205754000.0,0.1751086,407822
95021630000.0,0.10039279,407926
46949564000.0,0.18278065,408076
60319380000.0,0.069064066,408497
79998500000.0,0.14114243,408647
65544774000.0,0.11663929,408935
117431320000.0,0.13152592,409086
55048577000.0,0.24271552,409226
102342530000.0,0.066532694,409645
123545215000.0,0.20792098,409761
97239335000.0,0.13392529,410140
67430556000.0,0.15704077,410456
89967020000.0,0.12580131,410567
36325724000.0,1.0732857,410889
82490610000.0,0.06006362,411034
58645020000.0,0.05859072,411154
71097870000.0,0.1117992,411321
96424090000.0,0.16586287,411452
79418230000.0,0.13639687,411637
72687270000.0,0.09062684,411783
93954270000.0,0.092486665,411949
125145340000.0,0.14602429,412079
35964674000.0,0.15245411,412332
99268780000.0,0.08868181,412442
44012090000.0,0.05759667,412743
50164850000.0,0.29976404,412912
143879540000.0,0.095251404,413091
88707160000.0,0.08201533,413194
81288250000.0,0.13895904,413363
98474800000.0,0.10416126,413928
142462730000.0,0.08323684,414050
94178484000.0,0.15038742,414277
99354060000.0,0.08582504,414447
80481616000.0,0.113018975,414651
65947046000.0,0.058561716,414759
46563578000.0,0.11417252,414990
101065930000.0,0.15675275,415113
73487480000.0,0.07452702,415211
58337145000.0,0.30427378,415497
23372333000.0,0.11963067,415628
70125680000.0,0.06675159,415823
34387750000.0,0.6327061,415972
99218460000.0,0.058939863,416112
33450529000.0,0.0979661,416258
78863130000.0,0.16243495,416399
77814300000.0,0.1999303,416522
70182806000.0,0.123716846,416627
106431160000.0,0.102543354,416752
105607140000.0,0.08210912,416897
69521375000.0,0.14877494,417281
83942090000.0,0.0685737,417411
98112040000.0,0.10646879,417581
74803000000.0,0.05718911,417793
104543250000.0,0.09411885,418230
105208005000.0,0.095267266,418911
43646104000.0,0.16060057,419061
66146130000.0,0.05107004,420172
53385507000.0,0.22939038,420304
48186003000.0,0.15559267,420435
104089690000.0,0.08207988,420658
103653580000.0,0.117910676,420815
83879510000.0,0.091322295,420924
74296060000.0,0.10003501,421031
95573746000.0,0.078506365,421312
80967080000.0,0.08367735,421450
108603440000.0,0.08910289,421711
74552410000.0,0.23192193,421835
46514418000.0,0.06403411,422109
59919282000.0,0.107430115,422231
64657285000.0,0.12565751,422426
40781603000.0,0.070689924,422662
106162140000.0,0.22831328,423013
104922710000.0,0.08275661,423387
108881715000.0,0.18216062,423527
16956612000.0,0.566726,423908
110343676000.0,0.08222974,424152
91806890000.0,0.20213096,424255
52667953000.0,0.114744514,424571
109800580000.0,0.10944423,424910
146722870000.0,0.12491112,424986
38579073000.0,0.0614317,425061
43414122000.0,0.06937599,425185
35160113000.0,0.80395544,425488
60439753000.0,0.17189305,425729
75869176000.0,0.13410914,425836
64139780000.0,0.0725574,426086
75355330000.0,0.16863012,426361
91177810000.0,0.132735,426575
63884530000.0,0.14136267,426665
105763316000.0,0.10628432,426764
65236210000.0,0.11319791,426984
114556400000.0,0.102060534,427114
108330890000.0,0.21198732,427215
47724163000.0,0.121510126,427419
87605670000.0,0.15151311,427532
69540176000.0,0.108844414,427607
85784020000.0,0.10765975,427957
22543352000.0,0.41408178,428038
91931180000.0,0.08504498,428158
60911112000.0,0.20134343,428289
110827070000.0,0.110481694,428431
100259955000.0,0.08635497,428537
86609130000.0,0.07882558,428616
106059410000.0,0.16021153,428715
81337900000.0,0.1617557,428813
96203810000.0,0.07696401,428927
56311640000.0,0.18951815,429041
93294805000.0,0.13612588,429127
66254184000.0,0.055277776,429435
54272557000.0,0.11471817,429678
46189347000.0,0.14538938,429758
71599374000.0,0.121835865,429862
121648220000.0,0.09825082,429989
73957100000.0,0.12388492,430070
61566054000.0,0.15915282,430183
33082341000.0,0.32420218,430286
67130503000.0,0.083079115,430394
64764998000.0,0.15577877,430470
41149497000.0,0.074850075,430589
64029835000.0,0.12711206,430850
115530350000.0,0.15379892,431201
86119416000.0,0.12235327,431635
86067730000.0,0.08301562,431751
92273790000.0,0.10879134,432254
67676164000.0,0.06247726,432379
27953947000.0,0.14901942,432592
100713500000.0,0.14323913,432711
59317707000.0,0.06681054,432831
69156920000.0,0.15929092,433038
91521560000.0,0.11849305,433111
55522940000.0,0.32762635,433317
31039877000.0,0.18726607,433401
47390302000.0,0.21155387,433723
84881960000.0,0.1835609,433936
104885730000.0,0.06695626,434026
48492110000.0,0.15930225,434303
55208950000.0,0.09732296,434410
61868530000.0,0.083583325,435020
59797524000.0,0.15997061,435126
44928280000.0,0.11553492,435223
58077987000.0,0.1139102,435685
58139517000.0,0.13998802,436127
55833750000.0,0.05474954,436233
83243130000.0,0.1501292,436349
71542810000.0,0.16735566,436458
47831960000.0,0.11707864,436551
26855807000.0,0.113909386,436991
84724140000.0,0.13653162,437239
64516547000.0,0.12428086,437314
56134242000.0,0.12856266,437408
63022555000.0,0.076978944,437507
45872062000.0,0.15986234,437645
61821764000.0,0.17538643,438297
30017032000.0,0.13824777,438453
49334380000.0,0.162351,438669
54089314000.0,0.17353512,438787
62192226000.0,0.13158195,438996
39672644000.0,0.18346314,439078
60183190000.0,0.105328664,439283
80030300000.0,0.1407517,439392
28896182000.0,0.121213146,439630
61634376000.0,0.14744222,439922
93817900000.0,0.15995288,440144
58006897000.0,0.114571065,440193
94221070000.0,0.112352364,440289
69077434000.0,0.11578224,440377
36563005000.0,0.22087236,440477
41522840000.0,0.16234966,440568
59092480000.0,0.071978316,440726
44960930000.0,0.106772825,440923
43365716000.0,0.1119452,441036
69006110000.0,0.13122658,441141
29671217000.0,0.77764565,441219
79701565000.0,0.22839937,441327
78007320000.0,0.15664248,441397
43356640000.0,0.16428418,441857
64006984000.0,0.25124544,442227
39516058000.0,1.1788633,442300
81926790000.0,0.15737696,442350
54273190000.0,0.14637026,442532
92178530000.0,0.08226908,442855
66777797000.0,0.112078704,442979
29172204000.0,0.13516316,443175
69214640000.0,0.095406145,443249
72903380000.0,0.10461145,443421
72709160000.0,0.09135677,443498
56015528000.0,0.23004219,443914
16153717000.0,0.11677818,444067
15760127000.0,0.12911576,444251
50022654000.0,0.12225675,444340
26993052000.0,0.11892245,444442
62939650000.0,0.07899455,444631
52749660000.0,0.13119112,444728
25420227000.0,0.19592288,444834
86387250000.0,0.14287667,444929
39827660000.0,0.21963312,445185
60463256000.0,0.08884137,445342
56330215000.0,0.17492513,445567
73435000000.0,0.081703365,445658
61147554000.0,0.10552428,445753
70550530000.0,0.0960144,445878
67359556000.0,0.12078888,446253
58774934000.0,0.15454832,446330
36296610000.0,0.21500674,446449
42564500000.0,0.31993455,446549
33318388000.0,3.3230317,446613
46740677000.0,0.11557342,446682
39113010000.0,0.065537594,446786
51018550000.0,0.1037656,446937
68953860000.0,0.14663994,447042
57465467000.0,0.13596055,447153
48339444000.0,0.10787999,447236
45791130000.0,0.13901009,447350
45985894000.0,0.10859811,447433
68230357000.0,0.105466135,447532
124504280000.0,0.11718118,447606
39583773000.0,0.13482988,447695
42456150000.0,0.06676316,447886
99821890000.0,0.07005632,448021
51658736000.0,0.24953948,448371
42670244000.0,0.1611499,448525
60143640000.0,0.19886482,448642
29468280000.0,0.3729646,448732
57766610000.0,0.13673784,448840
73617840000.0,0.09536691,449099
45726855000.0,0.2761667,449910
94349010000.0,0.23430139,449972
57921753000.0,0.14178409,450046
65316078000.0,0.1466751,450126
49622320000.0,0.0824096,450177
63323394000.0,0.13096035,450420
68912550000.0,0.1415484,450493
48238064000.0,0.09141769,450593
65153786000.0,0.14205423,451410
42319204000.0,0.12895429,451503
47470540000.0,0.15759426,451626
74610290000.0,0.11372284,451807
18316962000.0,0.12119132,452045
54885560000.0,0.15833487,452395
48310490000.0,0.14304157,452577
54043865000.0,0.10262313,452651
67145945000.0,0.11609444,452839
62520840000.0,0.10406701,452895
77280310000.0,0.15597248,453081
53218150000.0,0.13269442,453231
62441415000.0,0.20067155,453313
57685310000.0,0.14770596,453393
70754300000.0,0.07665763,453526
52041814000.0,0.28998813,453961
29095342000.0,0.25814867,454015
23253930000.0,0.09918564,454151
67465425000.0,0.15239099,454306
50485326000.0,0.14906384,454376
50051514000.0,0.12565246,454462
56949620000.0,0.14258593,454539
15738787000.0,0.20557916,454796
41329030000.0,0.10333151,454963
32712425000.0,0.40418532,455058
68604154000.0,0.094233304,455258
44724474000.0,0.15289779,455335
46080745000.0,0.15015982,455413
50340123000.0,0.12950009,455857
60894835000.0,0.2104036,455957
52118540000.0,0.11866598,456014
48243765000.0,0.17814238,456168
46709480000.0,0.1649567,456584
68818090000.0,0.090472214,457000
27569811000.0,0.1323129,457086
44537426000.0,0.14182463,457227
35493753000.0,0.081968725,457296
31109014000.0,0.14234486,457697
42277155000.0,0.12664025,457931
34276162000.0,0.21064496,457998
60521628000.0,0.10179195,458028
28693731000.0,0.1736574,458111
43652747000.0,0.09121454,458302
38318363000.0,0.069443084,458509
35302875000.0,0.16119094,458722
36466557000.0,0.13039476,458945
21173797000.0,0.12537934,459084
60702147000.0,0.1682653,459243
44036534000.0,0.100119784,459394
30033190000.0,1.7116078,459518
47166420000.0,0.16800079,459576
23062487000.0,0.13248882,459665
67280940000.0,0.17852116,459850
45776994000.0,0.11290563,460008
35422270000.0,0.056063652,460193
50059907000.0,0.12650982,460526
50166360000.0,0.106451884,461202
51876610000.0,0.1634647,461283
57728844000.0,0.0514172,461364
26627377000.0,0.14065683,461521
50559775000.0,0.1767118,461667
48519344000.0,0.19139579,461864
47229690000.0,0.13285613,462010
46926287000.0,0.14705205,462141
30522010000.0,0.13428567,462323
38526513000.0,0.16014276,462481
48519283000.0,0.18950129,462775
23159593000.0,0.2219921,462832
20013607000.0,0.18409152,462987
29869312000.0,0.15672442,463062
35422114000.0,0.10518336,463139
56683614000.0,0.10296902,463453
39851630000.0,0.124668606,463521
36956623000.0,0.1493499,463649
41525340000.0,0.16148975,463894
48971506000.0,0.1493854,463958
56198582000.0,0.07956276,464110
65846497000.0,0.1532856,464247
3118757600.0,4.612561,464332
49407370000.0,0.1290443,464422
29438620000.0,0.103896044,464576
31912524000.0,0.12359219,464669
39926264000.0,0.13727826,464936
25324214000.0,0.096050605,465016
62883578000.0,0.06818089,465080
36941080000.0,0.22820544,465284
45395350000.0,0.17751771,465361
40402600000.0,0.10929207,465412
18105446000.0,0.11767861,465693
25988506000.0,0.13931672,465764
7069044000.0,0.2213024,465844
12589415000.0,0.4081631,465922
30906978000.0,0.3899019,466265
52776423000.0,0.20743492,466436
37246590000.0,0.26197115,466599
44937160000.0,0.14347725,466694
39084070000.0,0.13135679,466801
56720610000.0,0.13941735,466894
49344676000.0,0.17309783,467212
40743730000.0,0.18013193,467445
52093235000.0,0.17559469,467575
37042106000.0,0.1906417,467628
39911200000.0,0.12733552,467740
56801894000.0,0.14938132,467871
70995770000.0,0.18243314,468064
41844466000.0,0.15241091,468168
35360915000.0,0.12547868,468318
24647166000.0,0.12085054,468382
40007455000.0,0.15537268,468450
62106570000.0,0.23708832,468590
23377480000.0,0.12271627,468623
51680640000.0,0.12119183,468695
20810068000.0,0.19254796,468888
38959104000.0,0.15522115,469204
67385004000.0,0.12290863,469464
34983543000.0,0.15657194,469705
34944740000.0,0.1963904,470060
46813168000.0,0.15850092,470322
39195770000.0,0.14129701,470679
25190674000.0,0.13718951,470728
67890170000.0,0.13906571,471109
25314812000.0,0.15668474,471161
38028616000.0,0.26533833,471219
13841706000.0,0.3678577,471262
36347916000.0,0.33060622,471358
48679485000.0,0.11185056,471468
21596252000.0,0.107328095,471517
33325136000.0,0.18495499,471740
27462988000.0,0.1948305,471901
24242800000.0,0.13495937,471951
16010871000.0,0.15625891,472020
18244006000.0,0.7927984,472296
45123670000.0,0.24538647,472418
14648428000.0,0.3483256,472685
30731680000.0,0.111161515,472747
39350530000.0,0.16705959,472824
40566424000.0,0.13628854,472884
23680293000.0,0.15756616,472955
49177793000.0,0.19171707,473004
39955018000.0,0.15422407,473055
48048280000.0,0.08983672,473349
33279785000.0,0.23087522,473420
43404860000.0,0.16524693,473514
31922570000.0,0.15142788,473753
47892940000.0,0.14501086,473898
24556268000.0,0.16604409,474017
65108040000.0,0.1811086,474204
42159830000.0,0.36773586,474271
45551866000.0,0.14956045,474377
39432780000.0,0.1663699,474437
37364486000.0,0.11996745,474569
20214774000.0,0.117589585,474674
28261170000.0,0.15649353,474860
44490030000.0,0.25466725,474979
35586310000.0,0.12048788,475220
25141412000.0,0.15370457,475440
43973860000.0,0.14272618,475542
48859775000.0,0.17952336,475656
44941914000.0,0.15679148,475722
30741604000.0,0.24606973,476005
7597390000.0,1.6109353,476045
30518483000.0,0.1303795,476295
36819214000.0,0.35286057,476362
22162694000.0,0.10367333,476417
44897735000.0,0.16334316,476487
21041020000.0,0.13738543,476696
26264207000.0,0.19840261,476745
15315368000.0,0.18685624,476944
47208452000.0,0.16555075,477031
54763643000.0,0.16257472,477089
34556015000.0,0.1876891,477179
6933331000.0,1.5617282,477292
47362890000.0,0.21427326,477378
37672090000.0,0.10250865,477419
49115914000.0,0.17842783,477624
28749355000.0,0.16846667,477677
36183847000.0,0.117150694,477745
9360473000.0,0.11975693,477802
35114267000.0,0.1281284,477875
31806575000.0,0.13455386,477919
20139860000.0,0.15801334,477974
22117610000.0,0.12710388,478037
19017722000.0,0.1156424,478357
16624081000.0,0.12552774,478856
37059256000.0,0.123809695,478927
27736117000.0,0.11664714,479002
28620857000.0,0.14573982,479221
38427850000.0,0.14926548,479372
42535297000.0,0.3852254,479411
17753313000.0,0.1921634,479461
25652867000.0,0.09859543,479560
19476992000.0,0.1463378,479682
36893400000.0,0.16752279,479745
49313320000.0,0.13221945,479798
19851782000.0,0.34786603,480000
18467580000.0,0.6000483,480073
27077433000.0,0.18122125,480285
52810453000.0,0.14568777,480345
45130314000.0,0.14741983,480441
35412386000.0,0.17495196,480497
27813384000.0,0.16880581,480712
60976600000.0,0.16235964,480879
33776153000.0,0.17993408,480931
56869860000.0,0.289033,481126
8040111000.0,0.09860316,481171
18665132000.0,0.11266056,481453
45534860000.0,0.18958892,481503
42840785000.0,0.122856066,481855
46100240000.0,0.10227478,482169
19995531000.0,0.1530698,482196
47711780000.0,0.16823944,482257
20166744000.0,0.13875689,482323
28566075000.0,0.12262449,482368
21389400000.0,0.13363801,482479
45065800000.0,0.22964826,482589
10265859000.0,0.1373738,482614
16574185000.0,0.09624533,482925
16127863000.0,0.11166086,483214
23227236000.0,0.15259263,483323
29977557000.0,0.15403496,483370
32519584000.0,0.17150187,483421
20090165000.0,0.29395455,483641
50603280000.0,0.10405961,483749
20251105000.0,0.2373009,483927
30095276000.0,0.16082263,483977
34742340000.0,0.09526558,484045
27272675000.0,0.18151881,484155
47215456000.0,0.45337257,484336
24532394000.0,0.20554155,484366
17019347000.0,0.19382319,484506
26755420000.0,0.17592767,484550
44049040000.0,0.07053943,484608
40462510000.0,0.24811299,485196
54264110000.0,0.17115441,485283
36926644000.0,0.20060684,485394
37675410000.0,0.20581084,485485
16218331000.0,0.1167561,485542
19724962000.0,0.117469676,485596
23759380000.0,0.15899844,485654
19111068000.0,0.15409158,485703
31782896000.0,0.14195484,485782
20454339000.0,0.12160687,485886
13564191000.0,0.091509074,486229
9805725000.0,0.11112313,486415
35714023000.0,0.32921186,486590
20519698000.0,0.10220265,486632
12206180000.0,0.26254368,486692
31697244000.0,0.12798569,486742
16398988000.0,0.44789708,486917
33206137000.0,0.13574435,487000
58265514000.0,0.06773489,487072
40008212000.0,0.07629311,487099
37615825000.0,0.146806,487327
29791044000.0,0.1477129,487363
40458770000.0,0.14118224,487651
23703396000.0,0.08318204,487698
35501687000.0,0.21477288,487913
38322352000.0,0.28390458,487965
34301313000.0,0.07641623,487993
44273357000.0,0.11376821,488228
35661468000.0,0.2848153,488282
29821735000.0,0.11315709,488355
12921525000.0,0.100847125,488445
35174170000.0,0.21295692,488500
12789702000.0,0.20206152,488663
25336791000.0,0.15270005,488771
42981482000.0,0.101523995,488841
38483470000.0,0.08770446,489016
22956320000.0,0.10701749,489230
14728618000.0,0.30901724,489619
39904313000.0,0.29679897,489666
29475811000.0,0.3265283,489752
55425065000.0,0.12834847,489812
20699482000.0,0.14023727,489863
24420770000.0,0.16694395,489990
16155996000.0,0.11554252,490053
20796527000.0,0.12254479,490130
42817327000.0,0.106927656,490195
21564097000.0,0.14275488,490475
40148296000.0,0.118711196,490533
30468108000.0,0.10712152,490711
33599142000.0,0.15390034,490806
19109560000.0,0.22398476,490843
41284952000.0,0.09558595,491026
14614197000.0,0.42032576,491146
35736140000.0,0.114802495,491316
28546230000.0,0.15829746,491872
17142648000.0,0.15614267,492023
44342587000.0,0.46634728,492285
44001743000.0,0.12312894,492352
16611101000.0,0.12971953,492666
30397231000.0,0.14217252,492710
21948393000.0,0.19490887,492755
34888917000.0,0.10653638,492947
9072614000.0,4.0105004,492991
24750262000.0,0.18764232,493085
19779672000.0,0.1770647,493141
21796876000.0,0.13597906,493266
14065837000.0,0.1098236,493380
17085662000.0,0.12670186,494091
14020324000.0,0.16560228,494178
30322895000.0,0.13373348,494487
44913300000.0,0.17997135,494771
11234266000.0,0.98936665,495074
18976958000.0,0.15939486,495113
11766956000.0,0.101927094,495177
24758508000.0,0.17586319,495261
27057076000.0,0.11541782,495297
25274820000.0,0.13230622,495331
31691911000.0,0.1305213,495389
37507293000.0,0.22905307,495515
48521040000.0,0.0667549,495540
16270985000.0,0.14763597,495589
25917733000.0,0.122573465,495719
23390624000.0,0.2621897,495980
39361184000.0,0.17401525,496292
29208885000.0,0.123210624,496545
26672589000.0,0.2372768,496757
24495878000.0,0.16154672,496906
18067892000.0,0.08631196,496938
26351608000.0,0.23002723,497176
19858029000.0,0.21960577,497299
32298280000.0,0.2214227,497380
16659032000.0,0.1372762,497409
38372168000.0,0.10460206,497585
33172494000.0,0.486947,497617
27342551000.0,0.1844206,497683
13488895000.0,0.11875349,497754
36558450000.0,0.0969721,497926
13586917000.0,0.15450549,498067
14697700000.0,0.215465,498118
31677868000.0,0.15934381,498171
19230085000.0,0.13740776,498248
14701292000.0,0.26066566,498415
18282470000.0,0.12896912,498462
14127204000.0,0.0955063,498622
17696258000.0,0.12015937,498879
31442780000.0,0.16918693,499320
25476192000.0,0.14572757,499357
19194233000.0,0.33202475,499436
29915280000.0,0.13512085,499487
17018895000.0,0.11007763,499574
35328960000.0,0.1929103,499679
19616817000.0,0.15682647,499716
18236985000.0,0.12917429,499758
15979849000.0,0.11418818,499897
13938431000.0,0.1403084,500035
20846110000.0,0.14673987,500148
10107932000.0,0.11907971,500330
30753550000.0,0.080687046,500398
19538973000.0,0.16195303,500532
12712353000.0,0.13402236,500665
18358776000.0,0.15906931,500833
35606960000.0,0.1590797,500922
27505365000.0,0.1722323,500959
7754773000.0,0.11107912,501007
14956456000.0,0.09896938,501066
10129028000.0,0.15181898,501464
29729913000.0,0.19449797,501628
8516642000.0,0.1092952,501795
32934867000.0,0.12807028,501903
24666587000.0,0.1510555,501949
15244030000.0,0.15934438,502043
20286589000.0,0.24398847,502087
12929282000.0,0.13021679,502121
28470088000.0,0.14316033,502232
15378049000.0,0.10467819,502380
18477610000.0,0.13841256,502521
28989096000.0,0.1809801,502685
19024007000.0,0.112094805,502976
21555909000.0,0.17940749,503194
4318134300.0,0.09859513,503240
25167188000.0,0.36472738,503468
11577530000.0,0.11999057,503530
15454874000.0,0.11408722,503582
34076432000.0,0.13690922,503636
10991048000.0,0.121173844,503706
43475260000.0,0.18576758,503750
16788801000.0,0.7702358,503916
12461781000.0,0.16703261,504093
17095910000.0,0.16430917,504383
22348294000.0,0.10564063,504426
6559089000.0,0.16415401,504691
16527720000.0,0.14065138,504757
20124930000.0,0.12842768,504912
25259114000.0,0.11035263,504954
19683180000.0,0.1101036,505067
16846594000.0,0.3227729,505164
10392634000.0,0.22247787,505379
14671352000.0,0.13192672,505530
19346838000.0,0.19196814,505572
3474578000.0,0.122742705,505680
26215655000.0,0.13214369,505752
33629740000.0,0.23595566,505860
24543111000.0,0.16221115,505967
27266007000.0,0.12342516,506022
20878295000.0,0.11959365,506174
17285638000.0,0.14964043,506279
9981427000.0,0.11837551,506435
20824293000.0,0.11696399,506526
10275701000.0,0.10898672,506782
24098167000.0,0.60094225,506877
35692732000.0,0.16283078,507070
10110670000.0,0.17207532,507200
12658382000.0,0.2616629,507459
18683408000.0,0.1541532,507516
24632508000.0,0.13423498,507624
7906561000.0,0.08383433,507666
40896690000.0,0.08723334,507775
11914802000.0,0.20675907,507807
20013322000.0,0.11381594,508058
17657470000.0,0.27279133,508114
33453201000.0,0.17289054,508294
18508511000.0,0.17181833,508327
21431343000.0,0.14275092,508360
26256500000.0,0.22098705,508386
31538082000.0,0.16182882,508433
18839440000.0,0.10594699,508523
12262417000.0,0.6473686,508678
19997250000.0,0.14031155,508795
12019579000.0,0.12261824,508888
11152771000.0,0.14676313,509042
10072625000.0,0.10630772,509196
13256375000.0,0.12042934,509256
23409463000.0,0.13029218,509301
29241467000.0,0.19485117,509446
31105614000.0,0.119076304,509491
22655678000.0,0.19827357,509608
9910710000.0,0.09706221,509646
8413791000.0,0.16004473,509728
17588638000.0,0.13183267,509857
5131164700.0,0.28855187,509922
41504313000.0,0.17373236,509994
15629934000.0,0.10189903,510014
26920940000.0,0.116789415,510085
13267171000.0,0.10970762,510122
11005502000.0,0.12185826,510206
31412840000.0,0.34734944,510362
22081853000.0,0.17067172,510836
26191634000.0,0.20160112,510861
18335117000.0,0.10938769,511059
23951733000.0,0.17715207,511252
16378013000.0,0.08849372,511327
19741366000.0,0.14078344,511401
16230282000.0,0.1150418,511501
26272215000.0,0.21616727,511787
27641506000.0,0.18664667,511826
39427920000.0,0.16194263,511875
24300430000.0,0.19424646,512014
20603234000.0,0.1739448,512049
9787437000.0,0.16678551,512067
14630364000.0,0.14707746,512170
12605956000.0,0.10737666,512201
14089890000.0,0.108735785,512569
4453324000.0,0.14667293,512631
12933273000.0,0.48067802,512683
8881116000.0,0.083562516,512755
20712310000.0,0.15438573,512799
20780960000.0,0.3368413,512906
16793498000.0,0.086247936,512948
16989846000.0,0.1584874,513160
18721772000.0,0.11085041,513220
21587580000.0,0.24664797,513298
7779935000.0,0.10019975,513371
21996708000.0,0.6185426,513534
15744413000.0,0.16447712,513861
14780637000.0,0.12094775,514047
11746503000.0,0.13838233,514149
14373595000.0,0.19032682,514389
14069607000.0,0.12786989,514437
27529730000.0,0.07160318,514538
14526432000.0,0.15553592,514587
17490588000.0,0.16091815,514737
14001762000.0,0.20971005,514850
8971226000.0,0.29969186,514918
16806080000.0,0.10781116,515019
5512534000.0,0.1295819,515058
24844024000.0,0.11100354,515133
17102906000.0,0.12017641,515177
19017361000.0,0.43334946,515384
10968739000.0,0.111487865,515504
10852518000.0,0.14677566,515718
18694700000.0,0.13811478,515821
25185219000.0,0.15373527,515981
15555528000.0,0.14734834,516129
9019542000.0,0.18946712,516333
8550692400.0,0.19420695,516417
9820642000.0,0.100553975,516737
17072946000.0,0.11090259,516768
14713936000.0,0.18354017,516819
8635090000.0,0.28004637,516942
18200242000.0,0.14787032,517008
8692302000.0,0.093904845,517040
8165908000.0,0.104334645,517137
9068719000.0,0.10675297,517424
19158335000.0,0.13770959,517535
4297305600.0,0.27373397,517588
5634417000.0,1.0596646,517715
17037071000.0,0.17171569,517772
12789170000.0,0.16403796,517938
13307191000.0,0.10673186,518148
22008030000.0,0.19923927,518299
15997696000.0,0.13616942,518581
7747499500.0,0.07043147,519181
10562612000.0,0.13941959,519286
7714765300.0,0.083604336,519352
11798944000.0,0.11609362,519570
8675209000.0,0.3281534,519682
19491564000.0,0.1168261,519728
9218988000.0,0.09089333,520509
14198492000.0,0.13718173,520541
13756234000.0,0.210876,520583
8113254400.0,0.115168214,520793
22118785000.0,0.1494206,520825
16079686000.0,0.20586687,520999
5957633000.0,0.11497295,521201
7988441000.0,0.1527025,521382
11048881000.0,0.118771635,521552
22399097000.0,0.23739228,521716
2879984000.0,0.31753016,521751
11815685000.0,0.14306666,522003
11279038000.0,0.18817408,522033
15816898000.0,0.22648895,522202
33498590000.0,0.259253,522345
16901059000.0,0.1713884,522370
3904234200.0,0.08096204,522429
7269464600.0,0.18645473,522603
21982976000.0,0.4851761,522660
19095566000.0,0.2267269,522727
18265590000.0,0.29026282,522938
26588023000.0,0.3414132,523087
5985152500.0,0.5274613,523199
8513029600.0,0.11323027,523392
12149147000.0,0.26144734,523521
27336053000.0,0.09929301,523618
9537148000.0,0.35035264,523684
8795193000.0,0.14236872,523729
10943338000.0,0.13759719,523835
17822706000.0,0.14176112,524053
13592594000.0,0.14487752,524135
10195676000.0,0.14015536,524174
13934917000.0,0.14695354,524317
13688122000.0,0.13611563,524551
11142304000.0,0.26660958,524567
11542944000.0,0.14033578,524617
10666743000.0,0.11997966,525021
14808550000.0,0.25275564,525108
2524334300.0,0.18506679,525392
28210506000.0,0.22075848,525520
20667972000.0,0.14639749,525541
11438629000.0,0.15462656,525611
14974842000.0,0.26192003,525745
10398233000.0,0.10124735,525802
11673163000.0,0.11421069,525853
3702311700.0,0.12276347,526062
14313857000.0,0.0993651,526122
11412089000.0,0.27142233,526192
18451167000.0,0.1921784,526245
23574596000.0,0.20864686,526301
7857005000.0,0.122425124,526360
13459566000.0,0.16830847,526404
13643244000.0,0.17190862,526476
11910054000.0,0.7597537,526546
16841193000.0,0.14077562,526718
12593634000.0,0.16191332,526865
9848898000.0,0.12885848,526902
8712224000.0,0.1765905,526946
12682228000.0,0.17250647,527148
12024345000.0,0.16774717,527230
4989803000.0,0.09136035,527377
9999085000.0,0.2623979,527441
8961077000.0,0.15493359,527473
6000350000.0,0.13370733,527595
13812847000.0,0.19306797,527647
3677911600.0,0.1450731,527712
11986659000.0,0.11917968,527822
9838762000.0,0.21907476,527857
30813820000.0,0.22570282,528028
16008455000.0,0.25952438,528130
21340590000.0,0.18514742,528271
8203267000.0,0.1171269,528296
3369769500.0,0.16471764,528358
2659463200.0,0.09697056,528414
14961169000.0,0.14820562,528531
2800812300.0,0.3054181,528562
14954737000.0,0.13613172,528672
11649769000.0,0.11870498,528760
4892429300.0,0.07639509,528821
13923856000.0,0.27841648,528880
4118083800.0,0.09860606,528906
16875543000.0,0.20551926,529002
8083140600.0,0.11102775,529041
7848389600.0,0.20794016,529154
21225732000.0,0.12594093,529202
9998201000.0,0.23200898,529307
8668292000.0,0.09603217,529375
3722499600.0,0.084987804,529683
7935104500.0,0.12080994,529890
4496269000.0,0.07906592,529926
14050974000.0,0.13340706,529962
13211647000.0,0.1562237,530020
10047166000.0,0.12848553,530171
23345880000.0,0.14089827,530353
7007268000.0,0.108557545,530528
5102823400.0,0.12534875,530705
11359238000.0,0.091053315,530830
9315144000.0,0.09259638,531108
5679241000.0,0.11821693,531178
22151590000.0,0.41682586,531201
13715212000.0,0.3191717,531279
14972354000.0,0.16610315,531429
9905619000.0,0.13033429,531455
7740200000.0,0.09445477,531659
6249412000.0,0.16804104,531697
6294947000.0,0.091700576,531830
10267536000.0,0.10895924,532017
19123722000.0,0.15949294,532065
15778799000.0,0.12643275,532121
8032269300.0,0.11002366,532385
16829694000.0,0.13547154,532710
10038113000.0,0.0912947,532828
15502770000.0,0.2116479,532963
10831245000.0,0.181462,533016
12154724000.0,0.12227225,533044
6797952000.0,0.11416924,533092
4203771600.0,0.10606222,533253
10356598000.0,0.23745117,533323
10974257000.0,0.097299,533426
12500780000.0,0.12735261,533457
12241244000.0,0.26754484,533763
7276381000.0,0.09564633,533878
26614286000.0,0.14202076,533913
8355326000.0,0.11255042,534052
6761988000.0,0.343089,534095
4109655300.0,0.10200678,534150
7820292000.0,0.29240495,534206
7876886000.0,0.12889221,534325
8807072000.0,0.120414354,534397
4811432400.0,0.10710321,534588
16086125000.0,0.11958012,534699
9713195000.0,0.2184686,534824
7049973000.0,0.2698153,535034
8307937000.0,0.09429688,535086
12797082000.0,0.14398345,535148
14691641000.0,0.106315024,535372
4758357000.0,0.18492226,535486
8863795000.0,0.21766037,535539
5977998000.0,0.32787693,535680
9550411000.0,0.15317458,535774
7695680500.0,0.13071436,535900
10785351000.0,0.507086,535958
15157324000.0,0.11849151,535998
3710686000.0,0.1043305,536163
14320998000.0,0.13690646,536221
11317730000.0,0.13760759,536279
15083837000.0,0.12524436,536420
18914744000.0,0.15831605,536669
6520644000.0,0.17973943,536844
12575744000.0,0.16795243,536863
18809879000.0,0.26225543,536909
12484775000.0,0.24563858,537893
8814821000.0,0.17461443,537945
11084231000.0,0.23282064,537981
12220579000.0,0.15024452,538009
10819060000.0,0.2794705,538155
13277963000.0,0.13348317,538279
8900094000.0,0.17719264,538314
6627170000.0,0.117297955,538364
11562719000.0,0.50278866,538444
6085306000.0,0.15780313,538690
13816156000.0,0.115933694,538797
9391721000.0,0.31064168,538868
14929792000.0,0.2041733,538887
16247636000.0,0.13099064,538906
11058040000.0,0.11381308,538935
15033717000.0,0.1727937,539170
13192306000.0,0.26300168,539405
9822205000.0,0.18487112,539426
4994534000.0,0.08571075,539451
8099083000.0,0.20560531,539514
11519870000.0,0.14293565,539618
8759874000.0,0.23203114,539723
5595877000.0,0.1345697,539752
10167448000.0,0.11908927,539783
8580815400.0,0.11665704,539896
8822020000.0,0.74344844,540040
2434085600.0,0.16124406,540056
10342067000.0,0.114366814,540094
7466043400.0,0.14645061,540175
8154079000.0,0.107454896,540200
12809830000.0,0.13785967,540300
11365022000.0,0.19510573,540490
10925970000.0,0.16489935,540661
5208852000.0,0.08613821,540742
11902201000.0,0.12225416,540819
6412773400.0,0.14407752,540858
4562554400.0,0.08920392,541032
9700713000.0,0.29559088,541160
5346495000.0,0.11805131,541258
8888972000.0,0.14758556,541457
7673441000.0,0.1421576,541489
4468116500.0,0.109917775,541545
19227433000.0,0.24126768,541590
22226920000.0,0.29926252,541706
25510214000.0,0.13736786,541746
7313946600.0,0.07316568,541879
9502683000.0,0.34958267,541955
4526908400.0,0.12663901,542068
17751433000.0,0.15056649,542088
12042998000.0,0.17294087,542225
13450221000.0,0.12750357,542247
3230788000.0,0.1028227,542350
11237605000.0,0.14775404,542449
24284836000.0,0.3219125,542504
2918355700.0,0.24794173,542512
8478885000.0,0.098307416,542539
7574724000.0,0.17059137,542569
1989165600.0,0.08894294,542678
5452065000.0,0.11042991,542906
4848359000.0,0.3583038,543015
15481884000.0,0.32969704,543060
19896550000.0,0.33267087,543109
3774686700.0,0.16241461,543284
7917319700.0,0.99904525,543333
13055448000.0,0.14181288,543512
5060007400.0,0.23494336,543574
8266843000.0,0.096807495,544045
3259460600.0,1.294179,544085
7388807700.0,0.16838501,544446
7840860700.0,0.2868009,544487
8692180000.0,0.60450715,544582
4128035600.0,0.16135393,545013
7895147500.0,0.12138166,545101
9945783000.0,0.1767689,545136
12604480000.0,0.12375838,545346
3437737000.0,0.09976539,545471
5230483500.0,0.10126812,545502
4696810500.0,0.5606561,545716
8575755300.0,0.33297116,545986
3163729000.0,0.32654843,546102
8237069000.0,0.2056209,546288
2813995300.0,0.14291768,546676
5168824300.0,0.10118555,546735
12498341000.0,0.4340559,546846
5004263400.0,0.20021537,546927
7150567000.0,0.2843648,546958
12253830000.0,0.3422415,547250
2572879400.0,0.08535213,547327
6567104500.0,0.09047993,547470
3602107100.0,0.077557586,547738
11136817000.0,0.11991804,548113
6072594400.0,0.74668396,548189
7223784000.0,0.14023805,548343
5427272700.0,0.1698185,548488
5733490000.0,0.2260942,548884
10049020000.0,0.15398604,549085
4887530000.0,0.18029271,549611
10039835000.0,0.10806353,549666
4852597000.0,0.14172038,549937
6528333300.0,0.09913523,550450
6073954300.0,0.110309616,550679
2171871200.0,0.08189405,550702
8615370000.0,0.13311166,550858
12613754000.0,0.2509832,550878
10024172000.0,0.099352606,550985
14714197000.0,0.15414868,551194
11363147000.0,0.12605983,551414
3012829000.0,0.59321463,551542
8732342000.0,0.09858665,551635
6009029000.0,0.1724253,551664
8484755500.0,0.1033415,551676
3819187500.0,0.07006496,551892
1067987400.0,0.31181818,552035
3067595500.0,0.08885355,552218
12727119000.0,0.18835713,552677
6122569700.0,0.13521346,552700
8456179700.0,0.107979774,552724
13510114000.0,0.09300957,552840
4335883300.0,0.09420395,552898
5840365000.0,0.09512578,553043
5278430700.0,0.122620165,553214
4474525700.0,0.12010874,553640
8151299600.0,0.2478155,553664
6957402000.0,0.1072606,553725
6158951400.0,0.118966065,553774
4558118400.0,0.13223319,553848
10528109000.0,0.22293952,553882
12014227000.0,0.13678418,554289
10093085000.0,0.1252064,554748
12654277000.0,0.21307516,554816
7848206000.0,0.13251998,555033
4545540000.0,0.09641269,555224
3941431000.0,0.14851315,555540
2450043000.0,0.14814703,555671
7009605000.0,0.2125879,555713
5163569000.0,0.113042,555754
3447894500.0,0.09678289,555835
6703508500.0,0.09492492,555859
4602589000.0,0.15438706,556032
11403090000.0,0.23889928,556683
4865745000.0,0.113259524,556749
7664512500.0,0.2043593,557434
5011150000.0,0.13847136,557606
2209396700.0,0.09004919,557708
5528182300.0,0.13294987,558084
6090062000.0,0.08481966,558247
8617574000.0,0.31066206,558384
2013629600.0,0.9330622,558436
3234625000.0,0.11525962,559067
3700468700.0,0.099232934,559232
4194537700.0,0.30540007,559356
3090990600.0,0.34935167,559455
5358691300.0,0.14545096,559475
7142983700.0,0.11300001,559510
5825723400.0,0.09158237,559636
3333819600.0,0.20515162,559761
5023447000.0,0.12485195,560164
5287342600.0,0.09569304,560367
8576734700.0,0.17320868,560404
8247380000.0,0.14919378,560527
4542476000.0,0.16931097,560767
4214589000.0,0.14765656,561080
3366678300.0,0.08593304,561142
4470023700.0,0.08036595,561306
3367642600.0,0.13346289,561883
4852705000.0,0.15579736,561936
6305566000.0,0.36679614,561961
4568833500.0,0.17482516,562281
3781494300.0,0.10976897,562503
4237687300.0,0.18958685,562604
8617425000.0,0.13035582,562683
3159431200.0,0.11173408,562766
5114911000.0,0.6371105,562922
7674674700.0,0.12450679,563216
3999438800.0,0.07100424,563260
9188332000.0,0.122448385,563315
4612421000.0,0.10180454,563442
2845051600.0,0.1341417,563738
4035511300.0,0.073421456,564228
3468825900.0,0.5051929,564331
5951625700.0,0.13016033,564348
3358899500.0,0.120506994,564588
1616029400.0,0.6027485,564794
8717267000.0,0.15600258,565135
2692931300.0,0.21642882,565237
5370096600.0,0.09313502,565260
11492872000.0,0.09984549,565316
2902738400.0,0.27205902,565453
1665230300.0,0.058188904,565513
2509276700.0,1.3486894,565719
4089712400.0,0.18339008,565982
5128292400.0,0.19747804,566096
5593868000.0,0.24242601,566578
5355659300.0,0.18272321,566904
6466295000.0,0.11481425,566945
11049290000.0,0.1388219,567146
7968291300.0,0.13630627,567713
2818569200.0,6.636933,567967
2868448000.0,4.820081,567988
8203567000.0,0.16447046,568118
2787595300.0,0.109783076,568449
2858119400.0,0.10799553,568627
6736110000.0,0.14673102,568736
8243748000.0,0.17257546,568753
2947426000.0,0.12922856,568805
4601799000.0,0.117116995,568903
1666923100.0,1.1831228,568949
3636003800.0,0.31047186,569355
1706982700.0,0.11765683,569373
2638965000.0,0.11756673,569430
2797615900.0,0.11078232,569601
2554916000.0,0.10161831,569850
3954327000.0,0.17636935,569873
1294822800.0,0.0851689,569898
3021458200.0,0.48265958,569967
4417507300.0,0.10882902,570763
2219011800.0,0.092694074,570906
2773782000.0,0.45545986,571287
7086238000.0,0.34761226,571665
6714797000.0,0.09095488,571681
2850992000.0,0.11666655,571730
3408351700.0,0.15076792,572246
3088544800.0,0.9123075,572354
5205744600.0,0.37586123,572517
3322330000.0,0.19527389,572868
1799111300.0,0.32694995,572970
8376989700.0,0.18268181,574115
3624143000.0,0.09131786,574447
3842124000.0,0.08785461,574464
4005322200.0,0.21435766,574474
2302981600.0,0.21128573,574879
3470567000.0,1.0108242,575303
7584161300.0,0.24354091,575397
3284361000.0,0.17704594,575643
3152170000.0,0.12998454,576014
4550634500.0,0.10363371,576159
3002202400.0,0.10801307,576191
2475156000.0,0.08901081,576308
10707498000.0,0.2008375,576605
2177033500.0,0.19639303,576879
5386744300.0,0.09193289,577387
1701526300.0,0.11647645,577485
3808250600.0,0.14979778,578193
5435431400.0,0.16403428,578277
4757029000.0,0.12159458,578591
2853090800.0,1.2265614,578870
3305023200.0,0.14645877,579005
6842529300.0,0.34376284,579157
3136401400.0,0.12528633,579209
1506532900.0,0.17134827,579895
6795379000.0,0.23726098,580197
2835564300.0,0.07892421,580269
1611592700.0,0.062152695,580340
4303494000.0,0.51599586,580376
3030501400.0,0.081639364,581661
1926052700.0,0.107426845,581802
1054235500.0,0.06623158,582028
1436333600.0,0.09773308,582138
1779447400.0,0.12339261,582229
1441286000.0,0.11357804,582664
3611823600.0,0.13306935,582895
3895769300.0,0.15956827,582996
1650074200.0,0.26861903,583171
4273886500.0,0.23677005,583317
4450624500.0,0.11304384,583397
2234662100.0,0.080001354,583968
1753036000.0,0.0986201,584003
3952672300.0,0.12798734,584549
2346713300.0,0.1432806,584558
1888748300.0,0.08642297,584638
4810286000.0,0.19821061,585397
6037820400.0,0.124057665,585553
2491466800.0,0.14608888,585743
7998996500.0,0.19207422,585914
5715644000.0,0.099189594,586185
2463798500.0,0.5421198,586433
1236746900.0,0.08563306,586789
1221315500.0,0.17427504,587037
3843222800.0,0.16321424,587121
5214573000.0,0.2012016,588181
3112345300.0,0.19110842,588283
4519841000.0,0.25376076,588734
2380030700.0,0.15396555,589279
2166660900.0,0.09681093,589559
2568577000.0,0.14814813,589788
2107330200.0,0.15585147,589976
4640037000.0,0.122202866,591344
2953187000.0,0.18466792,591528
2202023700.0,0.087343924,592555
1780296300.0,0.7771628,592811
2369638100.0,0.09459844,592962
4451218400.0,0.14761864,592994
3180472300.0,0.2999919,593572
1917401900.0,0.3068663,593652
1668514600.0,0.67377484,593773
3255785000.0,0.14816645,594033
2776120300.0,0.07579085,594175
1371716700.0,0.13099426,595144
2534548500.0,0.09481951,595485
1511323600.0,0.8775099,596009
2956635100.0,0.25618905,597749
3384454100.0,0.18755311,598243
3812730400.0,0.127592,599029
2818548000.0,0.11232486,599176
3341430300.0,0.32034212,599218
2458998500.0,0.09181712,599236
1210969000.0,0.98154384,599428
2342476000.0,0.09543675,600098
1608149200.0,1.2346411,602777
2175291400.0,0.3425023,604119
2378172200.0,0.15073818,604725
2322653400.0,0.23156458,605937
1424142300.0,0.15195404,607142
1744626600.0,0.2529105,607745
2652499700.0,0.12736015,611019
3464798000.0,0.28651902,612465
1942141200.0,0.1299826,613890
1381034800.0,0.13326895,615525
2239175000.0,0.12100145,617317
1673186600.0,0.26688156,622912
1468734800.0,0.6575978,629245
